{
  "test_001": {
    "ground_truth": "../cov_trace//trace_001.json",
    "ana_result": "../../../../result/coap/trace_001",
    "recall": [
      0.6915887850467289
    ],
    "precision": [
      1.0
    ],
    "accuracy": [
      0.8603773584905661
    ],
    "max_recall_files": [
      "../../../../result/coap/trace_001/full_path_coverage_00.json"
    ],
    "max_precision_files": [
      "../../../../result/coap/trace_001/MPP_coverage_00.json"
    ],
    "max_acc_files": [
      "../../../../result/coap/trace_001/full_path_00.json"
    ],
    "uncovered_lines": [
      196,
      197,
      198,
      200,
      233,
      237,
      238,
      239,
      241,
      243,
      244,
      245,
      253,
      364,
      366,
      367,
      368,
      369,
      370,
      371,
      372,
      375,
      376,
      377,
      381,
      382,
      383,
      385,
      386,
      387,
      388,
      389,
      390,
      404,
      405,
      406,
      408,
      421,
      424,
      21,
      23,
      24,
      73,
      75,
      76,
      79,
      81,
      83,
      84,
      85,
      88,
      89,
      90,
      93,
      94,
      96,
      97,
      98,
      100,
      101,
      104,
      105,
      107,
      108,
      110,
      112
    ],
    "wrong_lines": []
  }
}