{
  "test_001": {
    "ground_truth": "../cov_trace//trace_001.json",
    "ana_result": "../../../../result/coap/trace_001",
    "recall": [
      0.5093457943925234
    ],
    "precision": [
      1.0
    ],
    "accuracy": [
      0.8666666666666667
    ],
    "max_recall_files": [
      "../../../../result/coap/trace_001/full_path_coverage_00.json"
    ],
    "max_precision_files": [
      "../../../../result/coap/trace_001/MPP_coverage_00.json"
    ],
    "max_acc_files": [
      "../../../../result/coap/trace_001/full_path_00.json"
    ],
    "uncovered_lines": [
      190,
      193,
      194,
      196,
      197,
      198,
      200,
      204,
      206,
      207,
      208,
      209,
      210,
      211,
      233,
      237,
      238,
      239,
      241,
      243,
      244,
      245,
      253,
      265,
      267,
      270,
      273,
      276,
      277,
      278,
      279,
      280,
      281,
      284,
      285,
      288,
      293,
      295,
      298,
      300,
      302,
      303,
      304,
      306,
      307,
      312,
      317,
      322,
      328,
      329,
      330,
      333,
      335,
      344,
      345,
      348,
      350,
      352,
      362,
      364,
      366,
      367,
      368,
      369,
      370,
      371,
      372,
      375,
      376,
      377,
      381,
      382,
      383,
      385,
      386,
      387,
      388,
      389,
      390,
      395,
      400,
      402,
      404,
      405,
      406,
      408,
      409,
      410,
      412,
      414,
      415,
      421,
      424,
      426,
      21,
      61,
      64,
      66,
      68,
      73,
      74,
      75,
      78,
      81,
      82
    ],
    "wrong_lines": []
  }
}